{"cameraMode":{"drawMode":0,"name":"Shaded","section":"Shading Mode"},"sceneLighting":false,"audioPlay":false,"sceneViewState":{"showFog":true,"showMaterialUpdate":true,"showSkybox":false,"showFlares":true,"showImageEffects":true,"showParticleSystems":true},"in2DMode":false,"pivot":{"x":-265.42864990234377,"y":-85.12435913085938,"z":93.77978515625},"rotation":{"x":0.11198700964450836,"y":0.8663631677627564,"z":-0.2247404009103775,"w":0.43172624707221987},"size":27.136871337890626,"orthographic":false}