{"cameraMode":{"drawMode":0,"name":"Shaded","section":"Shading Mode"},"sceneLighting":true,"audioPlay":false,"sceneViewState":{"showFog":true,"showMaterialUpdate":true,"showSkybox":true,"showFlares":true,"showImageEffects":true,"showParticleSystems":true},"in2DMode":false,"pivot":{"x":4.025833606719971,"y":4.438533782958984,"z":1.1711134910583497},"rotation":{"x":0.17979015409946443,"y":-0.8195720314979553,"z":0.4022994339466095,"w":0.3662889897823334},"size":1.1576571464538575,"orthographic":false}